{"cameraMode":{"drawMode":0,"name":"Shaded","section":"Shading Mode"},"sceneLighting":false,"audioPlay":false,"sceneViewState":{"showFog":true,"showMaterialUpdate":false,"showSkybox":true,"showFlares":true,"showImageEffects":true,"showParticleSystems":true},"in2DMode":false,"pivot":{"x":122.47224426269531,"y":0.8078401684761047,"z":193.01483154296876},"rotation":{"x":0.7151276469230652,"y":0.037975043058395389,"z":-0.03896082565188408,"w":0.6968961358070374},"size":16.198711395263673,"orthographic":false}